{
  "generation_with_feedback": {
    "avg_percentage_per_problem": 97.83165353584133,
    "total_time_across_problems": 15.493315935134888,
    "avg_time_per_problem": 15.493315935134888,
    "count_problems": 1,
    "min_percentage": 97.83165353584133,
    "max_percentage": 97.83165353584133
  },
  "code_execution": {
    "avg_percentage_per_problem": 2.168346464158674,
    "total_time_across_problems": 0.34339475631713867,
    "avg_time_per_problem": 0.34339475631713867,
    "count_problems": 1,
    "min_percentage": 2.168346464158674,
    "max_percentage": 2.168346464158674
  },
  "_overall": {
    "total_runtime": 15.780200004577637,
    "total_tracked_time": 15.836710691452026,
    "num_problems_processed": 1,
    "avg_time_per_problem": 15.836710691452026
  }
}