{
  "generation_with_feedback": {
    "avg_percentage_per_problem": 95.80165419200597,
    "total_time_across_problems": 31.564902782440186,
    "avg_time_per_problem": 15.782451391220093,
    "count_problems": 2,
    "min_percentage": 94.77256244611615,
    "max_percentage": 96.8307459378958
  },
  "code_execution": {
    "avg_percentage_per_problem": 4.19834580799402,
    "total_time_across_problems": 1.5172879695892334,
    "avg_time_per_problem": 0.7586439847946167,
    "count_problems": 2,
    "min_percentage": 3.169254062104201,
    "max_percentage": 5.2274375538838385
  },
  "_overall": {
    "total_runtime": 19.83299422264099,
    "total_tracked_time": 33.08219075202942,
    "num_problems_processed": 3,
    "avg_time_per_problem": 11.02739691734314
  }
}